code,category,value,areaName,avgDisPerReg,avgDisPerCat,pop,popDens
E12000007,1,331191,London,17.35753671,10.83062206,8799728,5597.6
E12000007,2,484894,London,25.41302574,13.85675895,8799728,5597.6
E12000007,3,533671,London,27.96940127,16.30063835,8799728,5597.6
E12000007,4,409530,London,21.46324028,14.00319434,8799728,5597.6
E12000007,5,79897,London,4.187357479,7.087019269,8799728,5597.6
E12000007,6,23145,London,1.21301662,4.920772271,8799728,5597.6
E12000007,7,15808,London,0.828488517,4.404176836,8799728,5597.6
E12000007,8,29917,London,1.567933385,7.819230126,8799728,5597.6